
{
    "region" : "ap-south-1",
    "profile" : "default",
    "configuration" : "Release",
    "framework"     : "net6.0",
    "function-name" : "BasketProject",
    "package-type"  : "Zip",
    "function-handler" : "BasketProject",
    "function-memory-size" : 256,
    "function-role"        : "arn:aws:iam::242909465937:role/lambda_exec_BasketProject",
    "function-timeout"     : 10,
    "function-runtime"     : "dotnet6",
    "function-architecture" : "x86_64",
    "function-subnets"      : "",
    "function-security-groups" : "",
    "tracing-mode"             : "PassThrough",
    "environment-variables"    : "",
    "image-tag"                : "",
    "function-description"     : ""
}