{
  "SharedKey": "",
  "SecretKey": "",
  "RetailerName": "",
  "RemoveCheckDigitFromBasketUPC": "0",
  "MemberNumberLength": "10",
  "MaxCouponValueForClient": "200",
  "RSACoreAPIUrl": "",
  "SystemNotificationsARN": "",
  "EnableRemoveNCRImpression": "0",
  "EnterpriseId": "",
  "EnterpriseSecret": "",
  "NCRImpressionAPIUrl": "",
  "UPCCouponTypeIds": "5,12,13",
  "CrossSellCouponTypeIds": "7,15",
  "MFRUPCCouponTypeIds": "4",
  "SetCouponMultiLineIdsToZero": "1",
  "CrossSellCouponsPurchaseUPCsOrderByAmount": "ASC",
  "EnableWriteLogs": "1",
  "EnableEmailNotificationAlerts": "1",
  "SendTransactionsToCloud": "1",
  "POSType": "ECRS",
  "DBInstanceName": "",
  "DBName": "",
  "CloudRetailerName": "",
  "RetailerTimeZone": "CST",
  "SendTransactionToCloudURL": "",
  "SendCommitToCloudURL": "",
  "GetTransactionCloudURL": "",
  "MoveTransactionToProcessedFolderCloudURL": "",
  //"RetailerConnectionString": "Data Source=DESKTOP-1JNARAI\\SAISQLSERVER;Initial Catalog=RSAECRSAPIDB;uid=sa;Password=sai123",
  "RetailerConnectionString": "Data Source=rsaecrsapisql2022.cbo8ouwquvxf.ap-south-1.rds.amazonaws.com;Initial Catalog=RDSDemo;uid=saikumar;Password=saikumarP123",
  "SqlCommandTimeout": "7",
  "ApplyOnlyOneBasketCouponFlag": "1",
  "SaveRealtimeTransactionData": "1"
}



