{
  "ExtendedData": {
    "inputs": [
      "http://localhost:51319/Service.svc"
    ],
    "collectionTypes": [
      "System.Array",
      "System.Collections.Generic.Dictionary`2"
    ],
    "namespaceMappings": [
      "*, TestService"
    ],
    "references": [
      "Amazon.Lambda.APIGatewayEvents, {Amazon.Lambda.APIGatewayEvents, 2.7.0}",
      "Amazon.Lambda.ApplicationLoadBalancerEvents, {Amazon.Lambda.ApplicationLoadBalancerEvents, 2.2.0}",
      "Amazon.Lambda.AspNetCoreServer, {Amazon.Lambda.AspNetCoreServer, 8.1.1}",
      "Amazon.Lambda.AspNetCoreServer.Hosting, {Amazon.Lambda.AspNetCoreServer.Hosting, 1.6.1}",
      "Amazon.Lambda.Core, {Amazon.Lambda.Core, 2.2.0}",
      "Amazon.Lambda.Logging.AspNetCore, {Amazon.Lambda.Logging.AspNetCore, 3.1.0}",
      "Amazon.Lambda.RuntimeSupport, {Amazon.Lambda.RuntimeSupport, 1.10.0}",
      "Amazon.Lambda.Serialization.SystemTextJson, {Amazon.Lambda.Serialization.SystemTextJson, 2.4.0}",
      "AWSSDK.Core, {AWSSDK.Core, 3.7.301.9}",
      "AWSSDK.Extensions.NETCore.Setup, {AWSSDK.Extensions.NETCore.Setup, 3.7.300}",
      "AWSSDK.S3, {AWSSDK.S3, 3.7.305.14}",
      "AWSSDK.SecretsManager, {AWSSDK.SecretsManager, 3.7.302.6}",
      "Azure.Core, {Azure.Core, 1.35.0}",
      "Azure.Identity, {Azure.Identity, 1.10.3}",
      "D:\\csharpprojects\\StudentThreeTier\\StudentThreeTier\\bin\\Debug\\net6.0\\BusinessLogicLayer.dll",
      "D:\\csharpprojects\\StudentThreeTier\\StudentThreeTier\\bin\\Debug\\net6.0\\CommonLayer.dll",
      "D:\\csharpprojects\\StudentThreeTier\\StudentThreeTier\\bin\\Debug\\net6.0\\DataAccessLayer.dll",
      "Dapper, {Dapper, 2.1.28}",
      "Microsoft.AspNetCore.Antiforgery, {Microsoft.AspNetCore.Antiforgery, 2.2.0}",
      "Microsoft.AspNetCore.Authentication.Abstractions, {Microsoft.AspNetCore.Authentication.Abstractions, 2.2.0}",
      "Microsoft.AspNetCore.Authentication.Core, {Microsoft.AspNetCore.Authentication.Core, 2.2.0}",
      "Microsoft.AspNetCore.Authentication.JwtBearer, {Microsoft.AspNetCore.Authentication.JwtBearer, 6.0.0}",
      "Microsoft.AspNetCore.Authorization, {Microsoft.AspNetCore.Authorization, 2.2.0}",
      "Microsoft.AspNetCore.Authorization.Policy, {Microsoft.AspNetCore.Authorization.Policy, 2.2.0}",
      "Microsoft.AspNetCore.Cors, {Microsoft.AspNetCore.Cors, 2.2.0}",
      "Microsoft.AspNetCore.Cryptography.Internal, {Microsoft.AspNetCore.Cryptography.Internal, 6.0.0}",
      "Microsoft.AspNetCore.DataProtection, {Microsoft.AspNetCore.DataProtection, 6.0.0}",
      "Microsoft.AspNetCore.DataProtection.Abstractions, {Microsoft.AspNetCore.DataProtection.Abstractions, 6.0.0}",
      "Microsoft.AspNetCore.DataProtection.Extensions, {Microsoft.AspNetCore.DataProtection.Extensions, 6.0.0}",
      "Microsoft.AspNetCore.Diagnostics.Abstractions, {Microsoft.AspNetCore.Diagnostics.Abstractions, 2.2.0}",
      "Microsoft.AspNetCore.Hosting.Abstractions, {Microsoft.AspNetCore.Hosting.Abstractions, 2.2.0}",
      "Microsoft.AspNetCore.Hosting.Server.Abstractions, {Microsoft.AspNetCore.Hosting.Server.Abstractions, 2.2.0}",
      "Microsoft.AspNetCore.Html.Abstractions, {Microsoft.AspNetCore.Html.Abstractions, 2.2.0}",
      "Microsoft.AspNetCore.Http, {Microsoft.AspNetCore.Http, 2.2.2}",
      "Microsoft.AspNetCore.Http.Abstractions, {Microsoft.AspNetCore.Http.Abstractions, 2.2.0}",
      "Microsoft.AspNetCore.Http.Extensions, {Microsoft.AspNetCore.Http.Extensions, 2.2.0}",
      "Microsoft.AspNetCore.Http.Features, {Microsoft.AspNetCore.Http.Features, 2.2.0}",
      "Microsoft.AspNetCore.JsonPatch, {Microsoft.AspNetCore.JsonPatch, 6.0.0}",
      "Microsoft.AspNetCore.Localization, {Microsoft.AspNetCore.Localization, 2.2.0}",
      "Microsoft.AspNetCore.Mvc, {Microsoft.AspNetCore.Mvc, 2.2.0}",
      "Microsoft.AspNetCore.Mvc.Abstractions, {Microsoft.AspNetCore.Mvc.Abstractions, 2.2.0}",
      "Microsoft.AspNetCore.Mvc.ApiExplorer, {Microsoft.AspNetCore.Mvc.ApiExplorer, 2.2.0}",
      "Microsoft.AspNetCore.Mvc.Core, {Microsoft.AspNetCore.Mvc.Core, 2.2.5}",
      "Microsoft.AspNetCore.Mvc.Cors, {Microsoft.AspNetCore.Mvc.Cors, 2.2.0}",
      "Microsoft.AspNetCore.Mvc.DataAnnotations, {Microsoft.AspNetCore.Mvc.DataAnnotations, 2.2.0}",
      "Microsoft.AspNetCore.Mvc.Formatters.Json, {Microsoft.AspNetCore.Mvc.Formatters.Json, 2.2.0}",
      "Microsoft.AspNetCore.Mvc.Formatters.Xml, {Microsoft.AspNetCore.Mvc.Formatters.Xml, 2.2.0}",
      "Microsoft.AspNetCore.Mvc.Localization, {Microsoft.AspNetCore.Mvc.Localization, 2.2.0}",
      "Microsoft.AspNetCore.Mvc.NewtonsoftJson, {Microsoft.AspNetCore.Mvc.NewtonsoftJson, 6.0.0}",
      "Microsoft.AspNetCore.Mvc.Razor, {Microsoft.AspNetCore.Mvc.Razor, 2.2.0}",
      "Microsoft.AspNetCore.Mvc.Razor.Extensions, {Microsoft.AspNetCore.Mvc.Razor.Extensions, 2.2.0}",
      "Microsoft.AspNetCore.Mvc.RazorPages, {Microsoft.AspNetCore.Mvc.RazorPages, 2.2.0}",
      "Microsoft.AspNetCore.Mvc.TagHelpers, {Microsoft.AspNetCore.Mvc.TagHelpers, 2.2.0}",
      "Microsoft.AspNetCore.Mvc.ViewFeatures, {Microsoft.AspNetCore.Mvc.ViewFeatures, 2.2.0}",
      "Microsoft.AspNetCore.Razor, {Microsoft.AspNetCore.Razor, 2.2.0}",
      "Microsoft.AspNetCore.Razor.Language, {Microsoft.AspNetCore.Razor.Language, 2.2.0}",
      "Microsoft.AspNetCore.Razor.Runtime, {Microsoft.AspNetCore.Razor.Runtime, 2.2.0}",
      "Microsoft.AspNetCore.ResponseCaching.Abstractions, {Microsoft.AspNetCore.ResponseCaching.Abstractions, 2.2.0}",
      "Microsoft.AspNetCore.Routing, {Microsoft.AspNetCore.Routing, 2.2.0}",
      "Microsoft.AspNetCore.Routing.Abstractions, {Microsoft.AspNetCore.Routing.Abstractions, 2.2.0}",
      "Microsoft.AspNetCore.WebUtilities, {Microsoft.AspNetCore.WebUtilities, 2.2.0}",
      "Microsoft.Bcl.AsyncInterfaces, {Microsoft.Bcl.AsyncInterfaces, 5.0.0}",
      "Microsoft.CodeAnalysis, {Microsoft.CodeAnalysis.Common, 2.8.0}",
      "Microsoft.CodeAnalysis.CSharp, {Microsoft.CodeAnalysis.CSharp, 2.8.0}",
      "Microsoft.CodeAnalysis.Razor, {Microsoft.CodeAnalysis.Razor, 2.2.0}",
      "Microsoft.Data.SqlClient, {Microsoft.Data.SqlClient, 5.2.0-preview4.23342.2}",
      "Microsoft.DotNet.PlatformAbstractions, {Microsoft.DotNet.PlatformAbstractions, 2.1.0}",
      "Microsoft.Extensions.Caching.Abstractions, {Microsoft.Extensions.Caching.Abstractions, 2.2.0}",
      "Microsoft.Extensions.Caching.Memory, {Microsoft.Extensions.Caching.Memory, 2.2.0}",
      "Microsoft.Extensions.Configuration, {Microsoft.Extensions.Configuration, 2.1.0}",
      "Microsoft.Extensions.Configuration.Abstractions, {Microsoft.Extensions.Configuration.Abstractions, 6.0.0}",
      "Microsoft.Extensions.Configuration.Binder, {Microsoft.Extensions.Configuration.Binder, 2.1.0}",
      "Microsoft.Extensions.DependencyInjection, {Microsoft.Extensions.DependencyInjection, 6.0.0}",
      "Microsoft.Extensions.DependencyInjection.Abstractions, {Microsoft.Extensions.DependencyInjection.Abstractions, 6.0.0}",
      "Microsoft.Extensions.DependencyModel, {Microsoft.Extensions.DependencyModel, 2.1.0}",
      "Microsoft.Extensions.FileProviders.Abstractions, {Microsoft.Extensions.FileProviders.Abstractions, 6.0.0}",
      "Microsoft.Extensions.FileProviders.Composite, {Microsoft.Extensions.FileProviders.Composite, 2.2.0}",
      "Microsoft.Extensions.FileSystemGlobbing, {Microsoft.Extensions.FileSystemGlobbing, 2.2.0}",
      "Microsoft.Extensions.Hosting.Abstractions, {Microsoft.Extensions.Hosting.Abstractions, 6.0.0}",
      "Microsoft.Extensions.Localization, {Microsoft.Extensions.Localization, 2.2.0}",
      "Microsoft.Extensions.Localization.Abstractions, {Microsoft.Extensions.Localization.Abstractions, 2.2.0}",
      "Microsoft.Extensions.Logging, {Microsoft.Extensions.Logging, 2.1.0}",
      "Microsoft.Extensions.Logging.Abstractions, {Microsoft.Extensions.Logging.Abstractions, 6.0.0}",
      "Microsoft.Extensions.ObjectPool, {Microsoft.Extensions.ObjectPool, 5.0.10}",
      "Microsoft.Extensions.Options, {Microsoft.Extensions.Options, 6.0.0}",
      "Microsoft.Extensions.Primitives, {Microsoft.Extensions.Primitives, 6.0.0}",
      "Microsoft.Extensions.WebEncoders, {Microsoft.Extensions.WebEncoders, 2.2.0}",
      "Microsoft.Identity.Client, {Microsoft.Identity.Client, 4.56.0}",
      "Microsoft.Identity.Client.Extensions.Msal, {Microsoft.Identity.Client.Extensions.Msal, 4.56.0}",
      "Microsoft.IdentityModel.Abstractions, {Microsoft.IdentityModel.Abstractions, 6.24.0}",
      "Microsoft.IdentityModel.JsonWebTokens, {Microsoft.IdentityModel.JsonWebTokens, 6.24.0}",
      "Microsoft.IdentityModel.Logging, {Microsoft.IdentityModel.Logging, 6.24.0}",
      "Microsoft.IdentityModel.Protocols, {Microsoft.IdentityModel.Protocols, 6.24.0}",
      "Microsoft.IdentityModel.Protocols.OpenIdConnect, {Microsoft.IdentityModel.Protocols.OpenIdConnect, 6.24.0}",
      "Microsoft.IdentityModel.Protocols.WsTrust, {Microsoft.IdentityModel.Protocols.WsTrust, 6.8.0}",
      "Microsoft.IdentityModel.Tokens, {Microsoft.IdentityModel.Tokens, 6.24.0}",
      "Microsoft.IdentityModel.Tokens.Saml, {Microsoft.IdentityModel.Tokens.Saml, 6.8.0}",
      "Microsoft.IdentityModel.Xml, {Microsoft.IdentityModel.Xml, 6.8.0}",
      "Microsoft.Net.Http.Headers, {Microsoft.Net.Http.Headers, 2.2.0}",
      "Microsoft.OpenApi, {Microsoft.OpenApi, 1.2.3}",
      "Microsoft.SqlServer.Server, {Microsoft.SqlServer.Server, 1.0.0}",
      "Newtonsoft.Json, {Newtonsoft.Json, 13.0.3}",
      "Newtonsoft.Json.Bson, {Newtonsoft.Json.Bson, 1.0.2}",
      "Swashbuckle.AspNetCore.Swagger, {Swashbuckle.AspNetCore.Swagger, 6.5.0}",
      "Swashbuckle.AspNetCore.SwaggerGen, {Swashbuckle.AspNetCore.SwaggerGen, 6.5.0}",
      "Swashbuckle.AspNetCore.SwaggerUI, {Swashbuckle.AspNetCore.SwaggerUI, 6.5.0}",
      "System.AppContext, {System.AppContext, 4.3.0}",
      "System.Collections, {System.Collections, 4.3.0}",
      "System.Collections.Concurrent, {System.Collections.Concurrent, 4.3.0}",
      "System.Collections.Immutable, {System.Collections.Immutable, 1.3.1}",
      "System.Collections.Specialized, {System.Collections.Specialized, 4.3.0}",
      "System.Console, {System.Console, 4.3.0}",
      "System.Diagnostics.Debug, {System.Diagnostics.Debug, 4.3.0}",
      "System.Diagnostics.DiagnosticSource, {System.Diagnostics.DiagnosticSource, 6.0.1}",
      "System.Diagnostics.Tools, {System.Diagnostics.Tools, 4.3.0}",
      "System.Dynamic.Runtime, {System.Dynamic.Runtime, 4.3.0}",
      "System.Formats.Asn1, {System.Formats.Asn1, 6.0.0}",
      "System.Globalization, {System.Globalization, 4.3.0}",
      "System.IdentityModel.Tokens.Jwt, {System.IdentityModel.Tokens.Jwt, 6.24.0}",
      "System.IO, {System.IO, 4.3.0}",
      "System.IO.Compression, {System.IO.Compression, 4.3.0}",
      "System.IO.FileSystem, {System.IO.FileSystem, 4.3.0}",
      "System.IO.FileSystem.AccessControl, {System.IO.FileSystem.AccessControl, 5.0.0}",
      "System.IO.FileSystem.Primitives, {System.IO.FileSystem.Primitives, 4.3.0}",
      "System.Linq, {System.Linq, 4.3.0}",
      "System.Linq.Expressions, {System.Linq.Expressions, 4.3.0}",
      "System.Memory.Data, {System.Memory.Data, 1.0.2}",
      "System.ObjectModel, {System.ObjectModel, 4.3.0}",
      "System.Reflection, {System.Reflection, 4.3.0}",
      "System.Reflection.DispatchProxy, {System.Reflection.DispatchProxy, 4.7.1}",
      "System.Reflection.Extensions, {System.Reflection.Extensions, 4.3.0}",
      "System.Reflection.Metadata, {System.Reflection.Metadata, 1.4.2}",
      "System.Reflection.Primitives, {System.Reflection.Primitives, 4.3.0}",
      "System.Reflection.TypeExtensions, {System.Reflection.TypeExtensions, 4.3.0}",
      "System.Resources.ResourceManager, {System.Resources.ResourceManager, 4.3.0}",
      "System.Runtime, {System.Runtime, 4.3.0}",
      "System.Runtime.CompilerServices.Unsafe, {System.Runtime.CompilerServices.Unsafe, 6.0.0}",
      "System.Runtime.Extensions, {System.Runtime.Extensions, 4.3.0}",
      "System.Runtime.Handles, {System.Runtime.Handles, 4.3.0}",
      "System.Runtime.InteropServices, {System.Runtime.InteropServices, 4.3.0}",
      "System.Runtime.InteropServices.RuntimeInformation, {System.Runtime.InteropServices.RuntimeInformation, 4.0.0}",
      "System.Runtime.Numerics, {System.Runtime.Numerics, 4.3.0}",
      "System.Security.AccessControl, {System.Security.AccessControl, 6.0.0}",
      "System.Security.Cryptography.Algorithms, {System.Security.Cryptography.Algorithms, 4.3.0}",
      "System.Security.Cryptography.Cng, {System.Security.Cryptography.Cng, 4.5.0}",
      "System.Security.Cryptography.Encoding, {System.Security.Cryptography.Encoding, 4.3.0}",
      "System.Security.Cryptography.Pkcs, {System.Security.Cryptography.Pkcs, 6.0.1}",
      "System.Security.Cryptography.Primitives, {System.Security.Cryptography.Primitives, 4.3.0}",
      "System.Security.Cryptography.ProtectedData, {System.Security.Cryptography.ProtectedData, 6.0.0}",
      "System.Security.Cryptography.X509Certificates, {System.Security.Cryptography.X509Certificates, 4.3.0}",
      "System.Security.Cryptography.Xml, {System.Security.Cryptography.Xml, 6.0.1}",
      "System.Security.Principal.Windows, {System.Security.Principal.Windows, 5.0.0}",
      "System.ServiceModel, {System.ServiceModel.Primitives, 4.10.3}",
      "System.ServiceModel.Duplex, {System.ServiceModel.Duplex, 4.10.3}",
      "System.ServiceModel.Federation, {System.ServiceModel.Federation, 4.10.3}",
      "System.ServiceModel.Http, {System.ServiceModel.Http, 4.10.3}",
      "System.ServiceModel.NetTcp, {System.ServiceModel.NetTcp, 4.10.3}",
      "System.ServiceModel.Primitives, {System.ServiceModel.Primitives, 4.10.3}",
      "System.ServiceModel.Security, {System.ServiceModel.Security, 4.10.3}",
      "System.Text.Encoding, {System.Text.Encoding, 4.3.0}",
      "System.Text.Encoding.Extensions, {System.Text.Encoding.Extensions, 4.3.0}",
      "System.Text.Encodings.Web, {System.Text.Encodings.Web, 6.0.0}",
      "System.Text.Json, {System.Text.Json, 4.7.2}",
      "System.Threading, {System.Threading, 4.3.0}",
      "System.Threading.Tasks, {System.Threading.Tasks, 4.3.0}",
      "System.Threading.Tasks.Parallel, {System.Threading.Tasks.Parallel, 4.3.0}",
      "System.ValueTuple, {System.ValueTuple, 4.3.0}",
      "System.Xml.ReaderWriter, {System.Xml.ReaderWriter, 4.3.0}",
      "System.Xml.XDocument, {System.Xml.XDocument, 4.3.0}",
      "System.Xml.XmlDocument, {System.Xml.XmlDocument, 4.3.0}",
      "Twilio, {Twilio, 6.15.2}"
    ],
    "sync": true,
    "targetFramework": "net6.0",
    "typeReuseMode": "All"
  }
}